{
    "67b284c5-768d-4cc2-974e-4543bc803152": {
        "anim_name": "\u7cfb\u7edf\u6d88\u606f", 
        "dt": [
            {
                "dt": [
                    {
                        "dt": {
                            "0": {
                                "val": {
                                    "__tuple__": true, 
                                    "items": [
                                        50.0, 
                                        4.62962962962963, 
                                        960.0, 
                                        50.0
                                    ]
                                }
                            }, 
                            "10": {
                                "val": {
                                    "__tuple__": true, 
                                    "items": [
                                        50.0, 
                                        9.25925925925926, 
                                        960.0, 
                                        100.0
                                    ]
                                }
                            }, 
                            "30": {
                                "val": {
                                    "__tuple__": true, 
                                    "items": [
                                        50.0, 
                                        9.25925925925926, 
                                        960.0, 
                                        100.0
                                    ]
                                }
                            }, 
                            "40": {
                                "val": {
                                    "__tuple__": true, 
                                    "items": [
                                        50.0, 
                                        4.62962962962963, 
                                        960.0, 
                                        50.0
                                    ]
                                }
                            }
                        }, 
                        "tp": 1
                    }, 
                    {
                        "dt": {
                            "0": {
                                "val": {
                                    "__tuple__": true, 
                                    "items": [
                                        1172.0, 
                                        50.0
                                    ]
                                }
                            }, 
                            "10": {
                                "val": {
                                    "__tuple__": true, 
                                    "items": [
                                        1172.0, 
                                        50.0
                                    ]
                                }
                            }, 
                            "30": {
                                "val": {
                                    "__tuple__": true, 
                                    "items": [
                                        1172.0, 
                                        50.0
                                    ]
                                }
                            }, 
                            "40": {
                                "val": {
                                    "__tuple__": true, 
                                    "items": [
                                        1172.0, 
                                        50.0
                                    ]
                                }
                            }
                        }, 
                        "tp": 9
                    }, 
                    {
                        "dt": {
                            "0": {
                                "val": 0
                            }, 
                            "10": {
                                "val": 0
                            }, 
                            "30": {
                                "val": 0
                            }, 
                            "40": {
                                "val": 0
                            }
                        }, 
                        "tp": 3
                    }, 
                    {
                        "dt": {
                            "0": {
                                "val": 0.0
                            }, 
                            "10": {
                                "val": 1.0
                            }, 
                            "30": {
                                "val": 1.0
                            }, 
                            "40": {
                                "val": 0.0
                            }
                        }, 
                        "tp": 4
                    }, 
                    {
                        "dt": {
                            "0": {
                                "val": {
                                    "__tuple__": true, 
                                    "items": [
                                        1, 
                                        1
                                    ]
                                }
                            }, 
                            "10": {
                                "val": {
                                    "__tuple__": true, 
                                    "items": [
                                        1, 
                                        1
                                    ]
                                }
                            }, 
                            "30": {
                                "val": {
                                    "__tuple__": true, 
                                    "items": [
                                        1, 
                                        1
                                    ]
                                }
                            }, 
                            "40": {
                                "val": {
                                    "__tuple__": true, 
                                    "items": [
                                        1, 
                                        1
                                    ]
                                }
                            }
                        }, 
                        "tp": 2
                    }, 
                    {
                        "dt": {
                            "0": {
                                "val": true
                            }, 
                            "10": {
                                "val": true
                            }, 
                            "30": {
                                "val": true
                            }, 
                            "40": {
                                "val": false
                            }
                        }, 
                        "tp": 5
                    }
                ], 
                "enabled": true, 
                "name": "0619dfe6-43d9-449d-98b8-c1af22760a05"
            }
        ], 
        "event_data": {}, 
        "f_rt": 30, 
        "group": "ba9bec29-6a9d-47f3-a343-e4fe081e58dc", 
        "lp": false, 
        "max_frame": 100
    }, 
    "6c204dba-f0eb-4f69-bd62-7eb36485802d": {
        "anim_name": "\u6218\u6597\u8fc7\u6e21",